,sun,mon,tues,wed,thurs,fri,sat
jan,1772,1770,1772,1771,1772,1772,1771
feb,1613,1615,1613,1615,1613,1614,1614
mar,1772,1771,1772,1770,1772,1771,1772
apr,1714,1715,1714,1715,1714,1714,1714
may,1772,1770,1772,1771,1772,1772,1771
jun,1714,1715,1714,1714,1714,1714,1715
jul,1772,1771,1772,1772,1771,1772,1770
aug,1771,1772,1770,1772,1771,1772,1772
sept,1715,1714,1715,1714,1714,1714,1714
oct,1770,1772,1771,1772,1772,1771,1772
nov,1715,1714,1714,1714,1714,1715,1714
dec,1771,1772,1772,1771,1772,1770,1772
